{
  "1": {
    "valid": false,
    "resources": [
      {
        "type": "lumber",
        "value": 6000
      },
      {
        "type": "stone",
        "value": 6000
      },
      {
        "type": "gold",
        "value": 2500
      }
    ],
    "requirements": [
      {
        "type": "castle",
        "level": 1
      },
      {
        "type": "quarry",
        "level": 1
      }
    ],
    "time": 1,
    "power": 600
  },
  "2": {
    "valid": true,
    "resources": [
      {
        "type": "lumber",
        "value": 8220
      },
      {
        "type": "stone",
        "value": 8220
      },
      {
        "type": "gold",
        "value": 3425
      }
    ],
    "requirements": [
      {
        "type": "castle",
        "level": 2
      },
      {
        "type": "quarry",
        "level": 2
      }
    ],
    "time": 3,
    "power": 1590
  },
  "3": {
    "valid": true,
    "resources": [
      {
        "type": "lumber",
        "value": 11261
      },
      {
        "type": "stone",
        "value": 11261
      },
      {
        "type": "gold",
        "value": 4692
      }
    ],
    "requirements": [
      {
        "type": "castle",
        "level": 3
      },
      {
        "type": "quarry",
        "level": 3
      }
    ],
    "time": 60,
    "power": 3010
  },
  "4": {
    "valid": true,
    "resources": [
      {
        "type": "lumber",
        "value": 15428
      },
      {
        "type": "stone",
        "value": 15428
      },
      {
        "type": "gold",
        "value": 6428
      }
    ],
    "requirements": [
      {
        "type": "castle",
        "level": 4
      },
      {
        "type": "quarry",
        "level": 4
      }
    ],
    "time": 300,
    "power": 4950
  },
  "5": {
    "valid": true,
    "resources": [
      {
        "type": "lumber",
        "value": 21136
      },
      {
        "type": "stone",
        "value": 21136
      },
      {
        "type": "gold",
        "value": 8806
      }
    ],
    "requirements": [
      {
        "type": "castle",
        "level": 5
      },
      {
        "type": "quarry",
        "level": 5
      }
    ],
    "time": 600,
    "power": 7477
  },
  "6": {
    "valid": true,
    "resources": [
      {
        "type": "lumber",
        "value": 28956
      },
      {
        "type": "stone",
        "value": 28956
      },
      {
        "type": "gold",
        "value": 12064
      }
    ],
    "requirements": [
      {
        "type": "castle",
        "level": 6
      },
      {
        "type": "quarry",
        "level": 6
      }
    ],
    "time": 1440,
    "power": 10710
  },
  "7": {
    "valid": true,
    "resources": [
      {
        "type": "lumber",
        "value": 39670
      },
      {
        "type": "stone",
        "value": 39670
      },
      {
        "type": "gold",
        "value": 16528
      }
    ],
    "requirements": [
      {
        "type": "castle",
        "level": 7
      },
      {
        "type": "quarry",
        "level": 7
      }
    ],
    "time": 2160,
    "power": 14811
  },
  "8": {
    "valid": true,
    "resources": [
      {
        "type": "lumber",
        "value": 54348
      },
      {
        "type": "stone",
        "value": 54348
      },
      {
        "type": "gold",
        "value": 22643
      }
    ],
    "requirements": [
      {
        "type": "castle",
        "level": 8
      },
      {
        "type": "quarry",
        "level": 8
      }
    ],
    "time": 3240,
    "power": 19930
  },
  "9": {
    "valid": true,
    "resources": [
      {
        "type": "lumber",
        "value": 74457
      },
      {
        "type": "stone",
        "value": 74457
      },
      {
        "type": "gold",
        "value": 31021
      }
    ],
    "requirements": [
      {
        "type": "castle",
        "level": 9
      },
      {
        "type": "quarry",
        "level": 9
      }
    ],
    "time": 4860,
    "power": 26290
  },
  "10": {
    "valid": true,
    "resources": [
      {
        "type": "lumber",
        "value": 102006
      },
      {
        "type": "stone",
        "value": 102006
      },
      {
        "type": "gold",
        "value": 42499
      }
    ],
    "requirements": [
      {
        "type": "castle",
        "level": 10
      },
      {
        "type": "quarry",
        "level": 10
      }
    ],
    "time": 7290,
    "power": 34132
  },
  "11": {
    "valid": true,
    "resources": [
      {
        "type": "lumber",
        "value": 139748
      },
      {
        "type": "stone",
        "value": 139748
      },
      {
        "type": "gold",
        "value": 58224
      }
    ],
    "requirements": [
      {
        "type": "castle",
        "level": 11
      },
      {
        "type": "quarry",
        "level": 11
      }
    ],
    "time": 10935,
    "power": 43783
  },
  "12": {
    "valid": true,
    "resources": [
      {
        "type": "lumber",
        "value": 191455
      },
      {
        "type": "stone",
        "value": 191455
      },
      {
        "type": "gold",
        "value": 79767
      }
    ],
    "requirements": [
      {
        "type": "castle",
        "level": 12
      },
      {
        "type": "quarry",
        "level": 12
      }
    ],
    "time": 16403,
    "power": 55561
  },
  "13": {
    "valid": true,
    "resources": [
      {
        "type": "lumber",
        "value": 262293
      },
      {
        "type": "stone",
        "value": 262293
      },
      {
        "type": "gold",
        "value": 109281
      }
    ],
    "requirements": [
      {
        "type": "castle",
        "level": 13
      },
      {
        "type": "quarry",
        "level": 13
      }
    ],
    "time": 24605,
    "power": 69911
  },
  "14": {
    "valid": true,
    "resources": [
      {
        "type": "lumber",
        "value": 359341
      },
      {
        "type": "stone",
        "value": 359341
      },
      {
        "type": "gold",
        "value": 149715
      }
    ],
    "requirements": [
      {
        "type": "castle",
        "level": 14
      },
      {
        "type": "quarry",
        "level": 14
      }
    ],
    "time": 36908,
    "power": 87347
  },
  "15": {
    "valid": true,
    "resources": [
      {
        "type": "lumber",
        "value": 492297
      },
      {
        "type": "stone",
        "value": 492297
      },
      {
        "type": "gold",
        "value": 205110
      }
    ],
    "requirements": [
      {
        "type": "castle",
        "level": 15
      },
      {
        "type": "quarry",
        "level": 15
      }
    ],
    "time": 55362,
    "power": 108455
  },
  "16": {
    "valid": true,
    "resources": [
      {
        "type": "lumber",
        "value": 674447
      },
      {
        "type": "stone",
        "value": 674447
      },
      {
        "type": "gold",
        "value": 281001
      }
    ],
    "requirements": [
      {
        "type": "castle",
        "level": 16
      },
      {
        "type": "quarry",
        "level": 16
      }
    ],
    "time": 66434,
    "power": 133975
  },
  "17": {
    "valid": true,
    "resources": [
      {
        "type": "lumber",
        "value": 923992
      },
      {
        "type": "stone",
        "value": 923992
      },
      {
        "type": "gold",
        "value": 384971
      }
    ],
    "requirements": [
      {
        "type": "castle",
        "level": 17
      },
      {
        "type": "quarry",
        "level": 17
      }
    ],
    "time": 79721,
    "power": 164775
  },
  "18": {
    "valid": true,
    "resources": [
      {
        "type": "lumber",
        "value": 1265869
      },
      {
        "type": "stone",
        "value": 1265869
      },
      {
        "type": "gold",
        "value": 527410
      }
    ],
    "requirements": [
      {
        "type": "castle",
        "level": 18
      },
      {
        "type": "quarry",
        "level": 18
      }
    ],
    "time": 95665,
    "power": 201898
  },
  "19": {
    "valid": true,
    "resources": [
      {
        "type": "lumber",
        "value": 1734241
      },
      {
        "type": "stone",
        "value": 1734241
      },
      {
        "type": "gold",
        "value": 722552
      }
    ],
    "requirements": [
      {
        "type": "castle",
        "level": 19
      },
      {
        "type": "quarry",
        "level": 19
      }
    ],
    "time": 114798,
    "power": 246533
  },
  "20": {
    "valid": true,
    "resources": [
      {
        "type": "lumber",
        "value": 2375910
      },
      {
        "type": "stone",
        "value": 2375910
      },
      {
        "type": "gold",
        "value": 989896
      }
    ],
    "requirements": [
      {
        "type": "castle",
        "level": 20
      },
      {
        "type": "quarry",
        "level": 20
      }
    ],
    "time": 137758,
    "power": 300109
  },
  "21": {
    "valid": true,
    "resources": [
      {
        "type": "lumber",
        "value": 3254997
      },
      {
        "type": "stone",
        "value": 3254997
      },
      {
        "type": "gold",
        "value": 1356158
      }
    ],
    "requirements": [
      {
        "type": "castle",
        "level": 21
      },
      {
        "type": "quarry",
        "level": 21
      }
    ],
    "time": 165310,
    "power": 364357
  },
  "22": {
    "valid": true,
    "resources": [
      {
        "type": "lumber",
        "value": 4459346
      },
      {
        "type": "stone",
        "value": 4459346
      },
      {
        "type": "gold",
        "value": 1857936
      }
    ],
    "requirements": [
      {
        "type": "castle",
        "level": 22
      },
      {
        "type": "quarry",
        "level": 22
      }
    ],
    "time": 198372,
    "power": 441327
  },
  "23": {
    "valid": true,
    "resources": [
      {
        "type": "lumber",
        "value": 6109304
      },
      {
        "type": "stone",
        "value": 6109304
      },
      {
        "type": "gold",
        "value": 2545372
      }
    ],
    "requirements": [
      {
        "type": "castle",
        "level": 23
      },
      {
        "type": "quarry",
        "level": 23
      }
    ],
    "time": 238046,
    "power": 533455
  },
  "24": {
    "valid": true,
    "resources": [
      {
        "type": "lumber",
        "value": 8369746
      },
      {
        "type": "stone",
        "value": 8369746
      },
      {
        "type": "gold",
        "value": 3487160
      }
    ],
    "requirements": [
      {
        "type": "castle",
        "level": 24
      },
      {
        "type": "quarry",
        "level": 24
      }
    ],
    "time": 285655,
    "power": 643633
  },
  "25": {
    "valid": true,
    "resources": [
      {
        "type": "lumber",
        "value": 11466552
      },
      {
        "type": "stone",
        "value": 11466552
      },
      {
        "type": "gold",
        "value": 4777409
      }
    ],
    "requirements": [
      {
        "type": "castle",
        "level": 25
      },
      {
        "type": "quarry",
        "level": 25
      }
    ],
    "time": 342786,
    "power": 775233
  },
  "26": {
    "valid": true,
    "resources": [
      {
        "type": "lumber",
        "value": 15709176
      },
      {
        "type": "stone",
        "value": 15709176
      },
      {
        "type": "gold",
        "value": 6545050
      }
    ],
    "requirements": [
      {
        "type": "castle",
        "level": 26
      },
      {
        "type": "quarry",
        "level": 26
      }
    ],
    "time": 514179,
    "power": 932334
  },
  "27": {
    "valid": true,
    "resources": [
      {
        "type": "lumber",
        "value": 21521571
      },
      {
        "type": "stone",
        "value": 21521571
      },
      {
        "type": "gold",
        "value": 8966719
      }
    ],
    "requirements": [
      {
        "type": "castle",
        "level": 27
      },
      {
        "type": "quarry",
        "level": 27
      }
    ],
    "time": 771269,
    "power": 1119707
  },
  "28": {
    "valid": true,
    "resources": [
      {
        "type": "lumber",
        "value": 29484552
      },
      {
        "type": "stone",
        "value": 29484552
      },
      {
        "type": "gold",
        "value": 12284405
      }
    ],
    "requirements": [
      {
        "type": "castle",
        "level": 28
      },
      {
        "type": "quarry",
        "level": 28
      }
    ],
    "time": 1156904,
    "power": 1343061
  },
  "29": {
    "valid": true,
    "resources": [
      {
        "type": "lumber",
        "value": 40393836
      },
      {
        "type": "stone",
        "value": 40393836
      },
      {
        "type": "gold",
        "value": 16829635
      }
    ],
    "requirements": [
      {
        "type": "castle",
        "level": 29
      },
      {
        "type": "quarry",
        "level": 29
      }
    ],
    "time": 1735356,
    "power": 1609088
  },
  "30": {
    "valid": true,
    "resources": [
      {
        "type": "lumber",
        "value": 55339555
      },
      {
        "type": "stone",
        "value": 55339555
      },
      {
        "type": "gold",
        "value": 23056600
      },
      {
        "type": "golden_pillar",
        "value": 1
      }
    ],
    "requirements": [
      {
        "type": "castle",
        "level": 30
      },
      {
        "type": "quarry",
        "level": 30
      }
    ],
    "time": 6941424,
    "power": 1925781
  }
}